{
  "experiment_name": "lstm_units_128",
  "config": {
    "vocab_size": 2743,
    "embedding_dim": 128,
    "lstm_units": 128,
    "num_lstm_layers": 1,
    "bidirectional": false,
    "dropout_rate": 0.3,
    "dense_units": 32,
    "num_classes": 3,
    "max_sequence_length": 128
  },
  "val_macro_f1": 0.7557003035160114,
  "val_accuracy": 0.7599999904632568,
  "test_macro_f1": 0.7473469113396517,
  "test_accuracy": 0.7524999976158142,
  "training_history": {
    "loss": [
      1.0811057090759277,
      0.9540694355964661,
      0.7054135799407959,
      0.40990594029426575,
      0.17828097939491272,
      0.0917915627360344,
      0.06151193752884865,
      0.03068334423005581,
      0.017596248537302017,
      0.0077728452160954475,
      0.005310190375894308,
      0.004395756404846907
    ],
    "val_loss": [
      1.0370731353759766,
      0.9401670694351196,
      0.760425329208374,
      0.7267345190048218,
      0.8335421681404114,
      0.9191799759864807,
      0.7084383964538574,
      1.1812738180160522,
      1.1620054244995117,
      1.1858562231063843,
      1.2198330163955688,
      1.2548925876617432
    ],
    "accuracy": [
      0.38600000739097595,
      0.5419999957084656,
      0.7440000176429749,
      0.9079999923706055,
      0.9679999947547913,
      0.9860000014305115,
      0.9879999756813049,
      0.9940000176429749,
      0.9959999918937683,
      1.0,
      1.0,
      1.0
    ],
    "val_accuracy": [
      0.3799999952316284,
      0.6100000143051147,
      0.7200000286102295,
      0.7699999809265137,
      0.7200000286102295,
      0.699999988079071,
      0.7599999904632568,
      0.6700000166893005,
      0.7200000286102295,
      0.7200000286102295,
      0.7200000286102295,
      0.7400000095367432
    ]
  }
}