{
  "experiment_name": "lstm_units_128",
  "config": {
    "vocab_size": 2743,
    "embedding_dim": 128,
    "lstm_units": 128,
    "num_lstm_layers": 1,
    "bidirectional": false,
    "dropout_rate": 0.3,
    "dense_units": 32,
    "num_classes": 3,
    "max_sequence_length": 128
  },
  "val_macro_f1": 0.7820227920227921,
  "val_accuracy": 0.7900000214576721,
  "test_macro_f1": 0.7269950196375762,
  "test_accuracy": 0.737500011920929,
  "training_history": {
    "loss": [
      1.0759979486465454,
      0.9342281818389893,
      0.7476786375045776,
      0.4228449761867523,
      0.2240881770849228,
      0.06509415805339813,
      0.06240507960319519,
      0.024565137922763824,
      0.008760189637541771,
      0.0287605170160532
    ],
    "val_loss": [
      1.0239614248275757,
      0.93030846118927,
      0.7972062826156616,
      0.8451164960861206,
      0.6867042779922485,
      1.1822820901870728,
      0.7171372771263123,
      0.9516695141792297,
      0.9590792059898376,
      0.9462204575538635
    ],
    "accuracy": [
      0.4059999883174896,
      0.5759999752044678,
      0.6980000138282776,
      0.8640000224113464,
      0.9660000205039978,
      0.9940000176429749,
      0.9860000014305115,
      0.9959999918937683,
      1.0,
      0.9940000176429749
    ],
    "val_accuracy": [
      0.3799999952316284,
      0.5899999737739563,
      0.6600000262260437,
      0.7699999809265137,
      0.7900000214576721,
      0.7099999785423279,
      0.8100000023841858,
      0.75,
      0.75,
      0.75
    ]
  }
}