{
  "experiment_name": "lstm_layers_3",
  "config": {
    "vocab_size": 2743,
    "embedding_dim": 128,
    "lstm_units": 64,
    "num_lstm_layers": 3,
    "bidirectional": false,
    "dropout_rate": 0.3,
    "dense_units": 32,
    "num_classes": 3,
    "max_sequence_length": 128
  },
  "val_macro_f1": 0.4536552649228705,
  "val_accuracy": 0.5899999737739563,
  "test_macro_f1": 0.494218149305927,
  "test_accuracy": 0.612500011920929,
  "training_history": {
    "loss": [
      1.0637717247009277,
      0.9315683245658875,
      0.7440991401672363,
      0.5563351511955261,
      0.4561131000518799,
      0.3860882520675659,
      0.30322375893592834,
      0.21857121586799622
    ],
    "val_loss": [
      1.022284984588623,
      0.9162156581878662,
      0.8999454975128174,
      1.0685498714447021,
      1.0428792238235474,
      1.2386621236801147,
      1.1868836879730225,
      1.3329989910125732
    ],
    "accuracy": [
      0.3720000088214874,
      0.4560000002384186,
      0.6579999923706055,
      0.7200000286102295,
      0.7599999904632568,
      0.8140000104904175,
      0.9160000085830688,
      0.9399999976158142
    ],
    "val_accuracy": [
      0.3799999952316284,
      0.5799999833106995,
      0.5899999737739563,
      0.6000000238418579,
      0.6000000238418579,
      0.5899999737739563,
      0.699999988079071,
      0.6499999761581421
    ]
  }
}