{
  "experiment_name": "lstm_layers_3",
  "config": {
    "vocab_size": 2743,
    "embedding_dim": 128,
    "lstm_units": 64,
    "num_lstm_layers": 3,
    "bidirectional": false,
    "dropout_rate": 0.3,
    "dense_units": 32,
    "num_classes": 3,
    "max_sequence_length": 128
  },
  "val_macro_f1": 0.5909077486416253,
  "val_accuracy": 0.6299999952316284,
  "test_macro_f1": 0.568369672333087,
  "test_accuracy": 0.6349999904632568,
  "training_history": {
    "loss": [
      1.081760048866272,
      0.9740739464759827,
      0.8219512701034546,
      0.5437703132629395,
      0.30611181259155273,
      0.19542528688907623,
      0.08551942557096481,
      0.06491786241531372
    ],
    "val_loss": [
      1.0471347570419312,
      0.9575096964836121,
      0.868710994720459,
      0.9241749048233032,
      0.8733823895454407,
      0.9394054412841797,
      1.047974705696106,
      1.0430026054382324
    ],
    "accuracy": [
      0.3959999978542328,
      0.4440000057220459,
      0.671999990940094,
      0.8240000009536743,
      0.9139999747276306,
      0.9580000042915344,
      0.9739999771118164,
      0.9879999756813049
    ],
    "val_accuracy": [
      0.3799999952316284,
      0.5299999713897705,
      0.6299999952316284,
      0.6499999761581421,
      0.7099999785423279,
      0.7400000095367432,
      0.7200000286102295,
      0.7599999904632568
    ]
  }
}