{
  "experiment_name": "lstm_layers_1",
  "config": {
    "vocab_size": 2743,
    "embedding_dim": 128,
    "lstm_units": 64,
    "num_lstm_layers": 1,
    "bidirectional": false,
    "dropout_rate": 0.3,
    "dense_units": 32,
    "num_classes": 3,
    "max_sequence_length": 128
  },
  "val_macro_f1": 0.7714069264069264,
  "val_accuracy": 0.7799999713897705,
  "test_macro_f1": 0.7519987495497699,
  "test_accuracy": 0.762499988079071,
  "training_history": {
    "loss": [
      1.088707447052002,
      1.003814697265625,
      0.8472056984901428,
      0.5658131837844849,
      0.2670382857322693,
      0.21885037422180176,
      0.08409469574689865,
      0.042702045291662216,
      0.026298655197024345,
      0.022277705371379852,
      0.011401992291212082,
      0.00935233011841774
    ],
    "val_loss": [
      1.0658491849899292,
      0.9694188833236694,
      0.8606205582618713,
      0.8244132995605469,
      0.9368429780006409,
      0.6810451745986938,
      0.6316313743591309,
      0.7941758036613464,
      0.8300179839134216,
      0.8628591895103455,
      0.8844632506370544,
      0.9133816361427307
    ],
    "accuracy": [
      0.3880000114440918,
      0.4580000042915344,
      0.6700000166893005,
      0.8960000276565552,
      0.9399999976158142,
      0.9580000042915344,
      0.984000027179718,
      0.9919999837875366,
      0.9959999918937683,
      0.9959999918937683,
      0.9980000257492065,
      1.0
    ],
    "val_accuracy": [
      0.5400000214576721,
      0.5600000023841858,
      0.6600000262260437,
      0.6899999976158142,
      0.6700000166893005,
      0.7900000214576721,
      0.7799999713897705,
      0.7699999809265137,
      0.7699999809265137,
      0.75,
      0.75,
      0.75
    ]
  }
}