{
  "experiment_name": "lstm_layers_1",
  "config": {
    "vocab_size": 2743,
    "embedding_dim": 128,
    "lstm_units": 64,
    "num_lstm_layers": 1,
    "bidirectional": false,
    "dropout_rate": 0.3,
    "dense_units": 32,
    "num_classes": 3,
    "max_sequence_length": 128
  },
  "val_macro_f1": 0.7077648573387627,
  "val_accuracy": 0.7400000095367432,
  "test_macro_f1": 0.6386370944956243,
  "test_accuracy": 0.6974999904632568,
  "training_history": {
    "loss": [
      1.0903327465057373,
      1.025984525680542,
      0.7019580602645874,
      0.4388899505138397,
      0.2737491726875305,
      0.14675068855285645,
      0.059553131461143494,
      0.026998555287718773,
      0.026627415791153908
    ],
    "val_loss": [
      1.0792841911315918,
      0.9664738178253174,
      0.9109281897544861,
      0.8002289533615112,
      0.8339764475822449,
      0.8384500741958618,
      0.8316944241523743,
      0.8493333458900452,
      0.9031502604484558
    ],
    "accuracy": [
      0.38199999928474426,
      0.43799999356269836,
      0.7059999704360962,
      0.828000009059906,
      0.9660000205039978,
      0.9860000014305115,
      0.9900000095367432,
      0.9959999918937683,
      0.9959999918937683
    ],
    "val_accuracy": [
      0.3799999952316284,
      0.6499999761581421,
      0.6000000238418579,
      0.7400000095367432,
      0.7799999713897705,
      0.75,
      0.800000011920929,
      0.7900000214576721,
      0.8100000023841858
    ]
  }
}