{
  "experiment_name": "lstm_layers_2",
  "config": {
    "vocab_size": 2743,
    "embedding_dim": 128,
    "lstm_units": 64,
    "num_lstm_layers": 2,
    "bidirectional": false,
    "dropout_rate": 0.3,
    "dense_units": 32,
    "num_classes": 3,
    "max_sequence_length": 128
  },
  "val_macro_f1": 0.73813200498132,
  "val_accuracy": 0.7400000095367432,
  "test_macro_f1": 0.7524022274022274,
  "test_accuracy": 0.7599999904632568,
  "training_history": {
    "loss": [
      1.0839505195617676,
      0.9760894775390625,
      0.7812585234642029,
      0.4873115122318268,
      0.2435038685798645,
      0.09855920076370239,
      0.05050566792488098,
      0.020384160801768303,
      0.015025340020656586
    ],
    "val_loss": [
      1.0430959463119507,
      0.9577427506446838,
      0.9209651350975037,
      0.7659859657287598,
      0.887361466884613,
      1.0949382781982422,
      1.1248477697372437,
      1.2193523645401,
      1.3043192625045776
    ],
    "accuracy": [
      0.3880000114440918,
      0.4480000138282776,
      0.6840000152587891,
      0.828000009059906,
      0.9580000042915344,
      0.9860000014305115,
      0.9879999756813049,
      0.9980000257492065,
      0.9980000257492065
    ],
    "val_accuracy": [
      0.38999998569488525,
      0.6200000047683716,
      0.6100000143051147,
      0.7400000095367432,
      0.75,
      0.7400000095367432,
      0.699999988079071,
      0.7300000190734863,
      0.7200000286102295
    ]
  }
}