{
  "experiment_name": "lstm_layers_2",
  "config": {
    "vocab_size": 2743,
    "embedding_dim": 128,
    "lstm_units": 64,
    "num_lstm_layers": 2,
    "bidirectional": false,
    "dropout_rate": 0.3,
    "dense_units": 32,
    "num_classes": 3,
    "max_sequence_length": 128
  },
  "val_macro_f1": 0.7728571143205291,
  "val_accuracy": 0.7799999713897705,
  "test_macro_f1": 0.7179672771519737,
  "test_accuracy": 0.737500011920929,
  "training_history": {
    "loss": [
      1.091062068939209,
      1.0002819299697876,
      0.7583406567573547,
      0.4963451623916626,
      0.22810785472393036,
      0.09991472959518433,
      0.03092370368540287,
      0.01906496100127697,
      0.045731231570243835
    ],
    "val_loss": [
      1.0664373636245728,
      0.9606143236160278,
      0.8819694519042969,
      0.7302739024162292,
      0.8935337066650391,
      1.0586585998535156,
      1.308434247970581,
      1.4038543701171875,
      1.265722632408142
    ],
    "accuracy": [
      0.39399999380111694,
      0.49000000953674316,
      0.6520000100135803,
      0.800000011920929,
      0.9700000286102295,
      0.9900000095367432,
      0.9980000257492065,
      0.9980000257492065,
      0.9900000095367432
    ],
    "val_accuracy": [
      0.4000000059604645,
      0.5600000023841858,
      0.5899999737739563,
      0.7799999713897705,
      0.7699999809265137,
      0.7699999809265137,
      0.699999988079071,
      0.7099999785423279,
      0.7599999904632568
    ]
  }
}