{
  "experiment_name": "lstm_bidirectional",
  "config": {
    "vocab_size": 2743,
    "embedding_dim": 128,
    "lstm_units": 64,
    "num_lstm_layers": 1,
    "bidirectional": true,
    "dropout_rate": 0.3,
    "dense_units": 32,
    "num_classes": 3,
    "max_sequence_length": 128
  },
  "val_macro_f1": 0.699679404521711,
  "val_accuracy": 0.7300000190734863,
  "test_macro_f1": 0.6742290969606003,
  "test_accuracy": 0.7174999713897705,
  "training_history": {
    "loss": [
      1.0880534648895264,
      0.9436996579170227,
      0.5673367977142334,
      0.3878292143344879,
      0.17624685168266296,
      0.07645854353904724,
      0.04427550360560417,
      0.016627145931124687,
      0.011510085314512253
    ],
    "val_loss": [
      1.059851884841919,
      0.8511518836021423,
      0.9008510708808899,
      0.8502303957939148,
      0.9239410161972046,
      0.9842482209205627,
      0.9722744822502136,
      1.0161257982254028,
      1.0814623832702637
    ],
    "accuracy": [
      0.3880000114440918,
      0.6499999761581421,
      0.7440000176429749,
      0.9139999747276306,
      0.9760000109672546,
      0.9919999837875366,
      0.9940000176429749,
      1.0,
      1.0
    ],
    "val_accuracy": [
      0.5099999904632568,
      0.6800000071525574,
      0.6299999952316284,
      0.7300000190734863,
      0.7200000286102295,
      0.7300000190734863,
      0.7799999713897705,
      0.7699999809265137,
      0.7799999713897705
    ]
  }
}