{
  "experiment_name": "lstm_bidirectional",
  "config": {
    "vocab_size": 2743,
    "embedding_dim": 128,
    "lstm_units": 64,
    "num_lstm_layers": 1,
    "bidirectional": true,
    "dropout_rate": 0.3,
    "dense_units": 32,
    "num_classes": 3,
    "max_sequence_length": 128
  },
  "val_macro_f1": 0.6753404947597326,
  "val_accuracy": 0.7099999785423279,
  "test_macro_f1": 0.6404758204352291,
  "test_accuracy": 0.6800000071525574,
  "training_history": {
    "loss": [
      1.0867204666137695,
      0.9893200397491455,
      0.8327415585517883,
      0.5208828449249268,
      0.2817608118057251,
      0.09746558964252472,
      0.05930843949317932,
      0.03687385097146034
    ],
    "val_loss": [
      1.0601519346237183,
      0.9721726179122925,
      0.8488902449607849,
      1.1260586977005005,
      0.9005432724952698,
      1.0170221328735352,
      1.0238780975341797,
      1.1236839294433594
    ],
    "accuracy": [
      0.41999998688697815,
      0.40799999237060547,
      0.699999988079071,
      0.9100000262260437,
      0.949999988079071,
      0.9879999756813049,
      0.9940000176429749,
      0.9959999918937683
    ],
    "val_accuracy": [
      0.3799999952316284,
      0.6200000047683716,
      0.7099999785423279,
      0.6899999976158142,
      0.7599999904632568,
      0.7300000190734863,
      0.7599999904632568,
      0.7599999904632568
    ]
  }
}