{
  "experiment_name": "lstm_units_64",
  "config": {
    "vocab_size": 2743,
    "embedding_dim": 128,
    "lstm_units": 64,
    "num_lstm_layers": 1,
    "bidirectional": false,
    "dropout_rate": 0.3,
    "dense_units": 32,
    "num_classes": 3,
    "max_sequence_length": 128
  },
  "val_macro_f1": 0.6881846635367762,
  "val_accuracy": 0.6899999976158142,
  "test_macro_f1": 0.7607677718221079,
  "test_accuracy": 0.7649999856948853,
  "training_history": {
    "loss": [
      1.0926601886749268,
      0.9998263120651245,
      0.8194673657417297,
      0.5551844835281372,
      0.2777248024940491,
      0.11070387810468674,
      0.06258126348257065,
      0.025838371366262436,
      0.016752347350120544,
      0.012411010451614857
    ],
    "val_loss": [
      1.0758684873580933,
      0.9668369889259338,
      0.8368450999259949,
      0.7999206781387329,
      0.7447184920310974,
      0.7853511571884155,
      0.7716119885444641,
      1.000826358795166,
      0.9527095556259155,
      0.9490303993225098
    ],
    "accuracy": [
      0.3919999897480011,
      0.48399999737739563,
      0.6679999828338623,
      0.8579999804496765,
      0.949999988079071,
      0.9800000190734863,
      0.9900000095367432,
      0.9980000257492065,
      0.9959999918937683,
      0.9980000257492065
    ],
    "val_accuracy": [
      0.44999998807907104,
      0.47999998927116394,
      0.7200000286102295,
      0.7699999809265137,
      0.6899999976158142,
      0.7799999713897705,
      0.7400000095367432,
      0.7099999785423279,
      0.7300000190734863,
      0.7300000190734863
    ]
  }
}