{
  "experiment_name": "lstm_units_64",
  "config": {
    "vocab_size": 2743,
    "embedding_dim": 128,
    "lstm_units": 64,
    "num_lstm_layers": 1,
    "bidirectional": false,
    "dropout_rate": 0.3,
    "dense_units": 32,
    "num_classes": 3,
    "max_sequence_length": 128
  },
  "val_macro_f1": 0.756600213433967,
  "val_accuracy": 0.7699999809265137,
  "test_macro_f1": 0.7168718861499199,
  "test_accuracy": 0.7400000095367432,
  "training_history": {
    "loss": [
      1.090206503868103,
      0.9945486783981323,
      0.8248562216758728,
      0.5722708106040955,
      0.2924206256866455,
      0.1694563329219818,
      0.09095408767461777,
      0.03979507461190224,
      0.02159932628273964,
      0.026965627446770668,
      0.010157855227589607,
      0.00844718050211668
    ],
    "val_loss": [
      1.070259690284729,
      0.9571415781974792,
      0.9075661301612854,
      0.8227005004882812,
      0.7642666101455688,
      0.7818931341171265,
      0.7517070770263672,
      0.781862735748291,
      0.9091673493385315,
      0.9517271518707275,
      0.9168112277984619,
      0.93926602602005
    ],
    "accuracy": [
      0.42800000309944153,
      0.4339999854564667,
      0.6959999799728394,
      0.8799999952316284,
      0.9319999814033508,
      0.9580000042915344,
      0.9860000014305115,
      0.9959999918937683,
      0.9980000257492065,
      0.9959999918937683,
      1.0,
      1.0
    ],
    "val_accuracy": [
      0.3799999952316284,
      0.5199999809265137,
      0.6499999761581421,
      0.6399999856948853,
      0.7099999785423279,
      0.7400000095367432,
      0.7699999809265137,
      0.7799999713897705,
      0.7400000095367432,
      0.7300000190734863,
      0.7799999713897705,
      0.7799999713897705
    ]
  }
}