{
  "experiment_name": "lstm_unidirectional",
  "config": {
    "vocab_size": 2743,
    "embedding_dim": 128,
    "lstm_units": 64,
    "num_lstm_layers": 1,
    "bidirectional": false,
    "dropout_rate": 0.3,
    "dense_units": 32,
    "num_classes": 3,
    "max_sequence_length": 128
  },
  "val_macro_f1": 0.6254688445251059,
  "val_accuracy": 0.699999988079071,
  "test_macro_f1": 0.5942325805482501,
  "test_accuracy": 0.6800000071525574,
  "training_history": {
    "loss": [
      1.0890506505966187,
      0.9642196297645569,
      0.782914400100708,
      0.5232675075531006,
      0.3445640206336975,
      0.20618435740470886,
      0.09915684908628464,
      0.03894919157028198,
      0.025340188294649124,
      0.02642102539539337
    ],
    "val_loss": [
      1.0635406970977783,
      0.943249523639679,
      0.8375614285469055,
      0.8884280920028687,
      0.7735620141029358,
      0.9054579734802246,
      1.1096981763839722,
      1.176088809967041,
      1.1090178489685059,
      1.0577365159988403
    ],
    "accuracy": [
      0.38600000739097595,
      0.4699999988079071,
      0.6700000166893005,
      0.7279999852180481,
      0.8360000252723694,
      0.9760000109672546,
      0.9980000257492065,
      0.9980000257492065,
      0.9940000176429749,
      0.9959999918937683
    ],
    "val_accuracy": [
      0.38999998569488525,
      0.6299999952316284,
      0.6399999856948853,
      0.6299999952316284,
      0.699999988079071,
      0.7300000190734863,
      0.7400000095367432,
      0.7200000286102295,
      0.7400000095367432,
      0.7599999904632568
    ]
  }
}