{
  "experiment_name": "lstm_unidirectional",
  "config": {
    "vocab_size": 2743,
    "embedding_dim": 128,
    "lstm_units": 64,
    "num_lstm_layers": 1,
    "bidirectional": false,
    "dropout_rate": 0.3,
    "dense_units": 32,
    "num_classes": 3,
    "max_sequence_length": 128
  },
  "val_macro_f1": 0.797171940029083,
  "val_accuracy": 0.800000011920929,
  "test_macro_f1": 0.7421376813587671,
  "test_accuracy": 0.75,
  "training_history": {
    "loss": [
      1.0887820720672607,
      0.9993619322776794,
      0.7822732329368591,
      0.5911203622817993,
      0.3517117500305176,
      0.23134228587150574,
      0.17747114598751068,
      0.06131287291646004,
      0.027356164529919624,
      0.014782308600842953,
      0.009085255675017834,
      0.006493370048701763,
      0.005722463596612215
    ],
    "val_loss": [
      1.0723462104797363,
      0.9452681541442871,
      0.8288847208023071,
      0.9333182573318481,
      0.7886270880699158,
      0.962411105632782,
      0.8405383825302124,
      0.7295262813568115,
      0.9146273136138916,
      1.0324516296386719,
      1.093316912651062,
      1.1169323921203613,
      1.1420818567276
    ],
    "accuracy": [
      0.38999998569488525,
      0.40400001406669617,
      0.6499999761581421,
      0.7300000190734863,
      0.8420000076293945,
      0.9679999947547913,
      0.9539999961853027,
      0.9940000176429749,
      0.9959999918937683,
      0.9980000257492065,
      1.0,
      1.0,
      1.0
    ],
    "val_accuracy": [
      0.4699999988079071,
      0.5400000214576721,
      0.6399999856948853,
      0.6200000047683716,
      0.7400000095367432,
      0.75,
      0.7300000190734863,
      0.800000011920929,
      0.75,
      0.7400000095367432,
      0.7400000095367432,
      0.7400000095367432,
      0.7400000095367432
    ]
  }
}