{
  "experiment_name": "lstm_units_32",
  "config": {
    "vocab_size": 2743,
    "embedding_dim": 128,
    "lstm_units": 32,
    "num_lstm_layers": 1,
    "bidirectional": false,
    "dropout_rate": 0.3,
    "dense_units": 32,
    "num_classes": 3,
    "max_sequence_length": 128
  },
  "val_macro_f1": 0.5037191700378442,
  "val_accuracy": 0.6600000262260437,
  "test_macro_f1": 0.4967869676238854,
  "test_accuracy": 0.6474999785423279,
  "training_history": {
    "loss": [
      1.09456467628479,
      1.054587960243225,
      0.89704430103302,
      0.7163222432136536,
      0.5609369874000549,
      0.39998212456703186,
      0.2184503972530365,
      0.1080046147108078,
      0.0672890841960907
    ],
    "val_loss": [
      1.0843968391418457,
      1.0139576196670532,
      0.8752939105033875,
      0.78889000415802,
      0.8399975299835205,
      0.8432133197784424,
      0.8145419955253601,
      0.813649594783783,
      0.8597853183746338
    ],
    "accuracy": [
      0.4359999895095825,
      0.4259999990463257,
      0.5799999833106995,
      0.7459999918937683,
      0.8159999847412109,
      0.8920000195503235,
      0.9679999947547913,
      0.984000027179718,
      0.9919999837875366
    ],
    "val_accuracy": [
      0.4099999964237213,
      0.4099999964237213,
      0.6100000143051147,
      0.6600000262260437,
      0.6600000262260437,
      0.699999988079071,
      0.7699999809265137,
      0.7599999904632568,
      0.75
    ]
  }
}