{
  "experiment_name": "lstm_units_32",
  "config": {
    "vocab_size": 2743,
    "embedding_dim": 128,
    "lstm_units": 32,
    "num_lstm_layers": 1,
    "bidirectional": false,
    "dropout_rate": 0.3,
    "dense_units": 32,
    "num_classes": 3,
    "max_sequence_length": 128
  },
  "val_macro_f1": 0.7600225861095428,
  "val_accuracy": 0.7699999809265137,
  "test_macro_f1": 0.7449277435483487,
  "test_accuracy": 0.7574999928474426,
  "training_history": {
    "loss": [
      1.090134859085083,
      1.0279314517974854,
      0.8745736479759216,
      0.703042209148407,
      0.46540695428848267,
      0.2404988557100296,
      0.1498398780822754,
      0.07082100957632065,
      0.03837907314300537,
      0.021652834489941597,
      0.014983116649091244,
      0.012663228437304497,
      0.011379207484424114
    ],
    "val_loss": [
      1.0754379034042358,
      0.9808799028396606,
      0.8937323689460754,
      0.8208703398704529,
      0.7505192756652832,
      0.7364975214004517,
      0.7102475166320801,
      0.7054402828216553,
      0.7513318657875061,
      0.8272136449813843,
      0.8861896991729736,
      0.9074841141700745,
      0.9334855079650879
    ],
    "accuracy": [
      0.39399999380111694,
      0.414000004529953,
      0.5199999809265137,
      0.8460000157356262,
      0.9480000138282776,
      0.9679999947547913,
      0.9700000286102295,
      0.9940000176429749,
      0.9980000257492065,
      0.9980000257492065,
      0.9980000257492065,
      0.9980000257492065,
      1.0
    ],
    "val_accuracy": [
      0.4699999988079071,
      0.4000000059604645,
      0.7599999904632568,
      0.7300000190734863,
      0.800000011920929,
      0.7699999809265137,
      0.7900000214576721,
      0.7699999809265137,
      0.7699999809265137,
      0.7599999904632568,
      0.7699999809265137,
      0.7699999809265137,
      0.7699999809265137
    ]
  }
}